{"spheres":[{"center":[10,1,1],"radius":0.4000000059604645},{"center":[10,0,1],"radius":0.5},{"center":[10,0,2],"radius":0.5}],"urdf_path":"examples/3dof/cylinder_three.urdf","path":[[0,0,0],[-2.831012010574341e-3,3.8082923740148547e-2,0.0591694638133049],[0.06833624839782715,0.0508514828979969,0.11008227616548538],[0.14355053007602693,2.8823111206293107e-2,0.12560631334781648],[0.2174568623304367,0.07785865664482117,0.12603528797626496],[0.2817404270172119,0.07200425863265991,0.18799854815006257],[0.33787330985069277,0.0701071172952652,0.23780708014965058],[0.3908844292163849,0.09287329018115998,0.3064883053302765],[0.45231521129608157,0.13966481387615205,0.31673216819763186],[0.44343575835227969,0.1695057451725006,0.3558560013771057],[0.43710312247276308,0.2292085438966751,0.4058852791786194],[0.4155152440071106,0.263685941696167,0.4349588453769684],[0.4392833411693573,0.34396466612815859,0.4749816954135895],[0.46130502223968508,0.421858549118042,0.46077391505241396],[0.48155227303504946,0.5084884762763977,0.47591912746429446],[0.5260226726531982,0.5746248364448547,0.5110183358192444],[0.5551931262016296,0.6024372577667236,0.5406080484390259],[0.6224083304405212,0.6395440101623535,0.6012817025184631],[0.6702024936676025,0.6474907994270325,0.6708141565322876],[0.6932543516159058,0.7250642776489258,0.7053616046905518],[0.7496704459190369,0.7286438941955566,0.7683266401290894],[0.7414650321006775,0.7355233430862427,0.8171666264533997],[0.7977734208106995,0.7486423254013062,0.881230890750885],[0.8269995450973511,0.7797279357910156,0.9072984457015991],[0.892084538936615,0.8380069732666016,0.9149490594863892],[0.9534375071525574,0.9053018093109131,0.9470266103744507],[0.981462299823761,0.935514509677887,0.9753427505493164],[1.0094870328903199,0.9657272100448608,1.0036588907241822],[1.0375118255615235,0.9959399104118347,1.0319750308990479],[1.1073310375213624,1.0278712511062623,1.037838339805603],[1.1333390474319459,1.058345913887024,1.067752718925476],[1.1593470573425294,1.0888205766677857,1.0976672172546387],[1.1853550672531129,1.1192952394485474,1.1275815963745118],[1.2113630771636963,1.149769902229309,1.1574959754943848],[1.2373710870742798,1.1802446842193604,1.1874103546142579],[1.2633790969848633,1.210719347000122,1.2173247337341309],[1.2893871068954468,1.2411940097808838,1.247239112854004],[1.3153951168060303,1.2716686725616456,1.277153491973877],[1.3414031267166138,1.3021433353424073,1.30706787109375],[1.3674111366271973,1.332617998123169,1.3369823694229127],[1.3934191465377808,1.3630926609039307,1.3668967485427857],[1.4194271564483643,1.393567442893982,1.3968111276626588],[1.4454351663589478,1.4240421056747437,1.4267256259918213],[1.4714431762695313,1.454516887664795,1.4566400051116944],[1.4974511861801148,1.4849915504455567,1.4865543842315674],[1.5234591960906983,1.5154662132263184,1.51646888256073],[1.5494672060012818,1.54594087600708,1.546383261680603]]}